{
  "model": "EfficientNetB4_CBAM",
  "dataset": "Food-101",
  "epochs": 50,
  "test_metrics": {
    "accuracy": 0.8408712871287128,
    "precision": 0.8409490614326306,
    "recall": 0.8408712871287128,
    "f1": 0.8396834099384849
  },
  "class_metrics": {
    "apple_pie": {
      "accuracy": 0.64,
      "precision": 1.0,
      "recall": 0.64,
      "f1": 0.7804878048780488
    },
    "baby_back_ribs": {
      "accuracy": 0.844,
      "precision": 1.0,
      "recall": 0.844,
      "f1": 0.9154013015184381
    },
    "baklava": {
      "accuracy": 0.912,
      "precision": 1.0,
      "recall": 0.912,
      "f1": 0.9539748953974896
    },
    "beef_carpaccio": {
      "accuracy": 0.884,
      "precision": 1.0,
      "recall": 0.884,
      "f1": 0.9384288747346072
    },
    "beef_tartare": {
      "accuracy": 0.8,
      "precision": 1.0,
      "recall": 0.8,
      "f1": 0.8888888888888888
    },
    "beet_salad": {
      "accuracy": 0.672,
      "precision": 1.0,
      "recall": 0.672,
      "f1": 0.8038277511961722
    },
    "beignets": {
      "accuracy": 0.916,
      "precision": 1.0,
      "recall": 0.916,
      "f1": 0.9561586638830899
    },
    "bibimbap": {
      "accuracy": 0.928,
      "precision": 1.0,
      "recall": 0.928,
      "f1": 0.9626556016597511
    },
    "bread_pudding": {
      "accuracy": 0.62,
      "precision": 1.0,
      "recall": 0.62,
      "f1": 0.7654320987654321
    },
    "breakfast_burrito": {
      "accuracy": 0.824,
      "precision": 1.0,
      "recall": 0.824,
      "f1": 0.9035087719298246
    },
    "bruschetta": {
      "accuracy": 0.756,
      "precision": 1.0,
      "recall": 0.756,
      "f1": 0.8610478359908884
    },
    "caesar_salad": {
      "accuracy": 0.888,
      "precision": 1.0,
      "recall": 0.888,
      "f1": 0.940677966101695
    },
    "cannoli": {
      "accuracy": 0.9,
      "precision": 1.0,
      "recall": 0.9,
      "f1": 0.9473684210526315
    },
    "caprese_salad": {
      "accuracy": 0.872,
      "precision": 1.0,
      "recall": 0.872,
      "f1": 0.9316239316239316
    },
    "carrot_cake": {
      "accuracy": 0.784,
      "precision": 1.0,
      "recall": 0.784,
      "f1": 0.8789237668161435
    },
    "ceviche": {
      "accuracy": 0.692,
      "precision": 1.0,
      "recall": 0.692,
      "f1": 0.817966903073286
    },
    "cheesecake": {
      "accuracy": 0.728,
      "precision": 1.0,
      "recall": 0.728,
      "f1": 0.8425925925925926
    },
    "cheese_plate": {
      "accuracy": 0.9,
      "precision": 1.0,
      "recall": 0.9,
      "f1": 0.9473684210526315
    },
    "chicken_curry": {
      "accuracy": 0.764,
      "precision": 1.0,
      "recall": 0.764,
      "f1": 0.8662131519274376
    },
    "chicken_quesadilla": {
      "accuracy": 0.876,
      "precision": 1.0,
      "recall": 0.876,
      "f1": 0.9339019189765458
    }
  },
  "timestamp": "2025-10-16T20:39:04.548295"
}