{
  "model": "ImprovedResNet50_CBAM",
  "epochs": 49,
  "test_metrics": {
    "accuracy": 0.9294890947116821,
    "precision": 0.9295544498104258,
    "recall": 0.9294890947116821,
    "f1": 0.9294306540434168
  },
  "class_metrics": {
    "Bread": {
      "accuracy": 0.8831521739130435,
      "precision": 1.0,
      "recall": 0.8831521739130435,
      "f1": 0.937950937950938
    },
    "Dairy product": {
      "accuracy": 0.8851351351351351,
      "precision": 1.0,
      "recall": 0.8851351351351351,
      "f1": 0.939068100358423
    },
    "Dessert": {
      "accuracy": 0.898,
      "precision": 1.0,
      "recall": 0.898,
      "f1": 0.946259220231823
    },
    "Egg": {
      "accuracy": 0.8895522388059701,
      "precision": 1.0,
      "recall": 0.8895522388059701,
      "f1": 0.9415481832543444
    },
    "Fried food": {
      "accuracy": 0.9059233449477352,
      "precision": 1.0,
      "recall": 0.9059233449477352,
      "f1": 0.9506398537477149
    },
    "Meat": {
      "accuracy": 0.9375,
      "precision": 1.0,
      "recall": 0.9375,
      "f1": 0.967741935483871
    },
    "Noodles-Pasta": {
      "accuracy": 0.9931972789115646,
      "precision": 1.0,
      "recall": 0.9931972789115646,
      "f1": 0.9965870307167234
    },
    "Rice": {
      "accuracy": 0.9895833333333334,
      "precision": 1.0,
      "recall": 0.9895833333333334,
      "f1": 0.9947643979057593
    },
    "Seafood": {
      "accuracy": 0.9570957095709571,
      "precision": 1.0,
      "recall": 0.9570957095709571,
      "f1": 0.9780775716694773
    },
    "Soup": {
      "accuracy": 0.978,
      "precision": 1.0,
      "recall": 0.978,
      "f1": 0.9888776541961577
    },
    "Vegetable-Fruit": {
      "accuracy": 0.9653679653679653,
      "precision": 1.0,
      "recall": 0.9653679653679653,
      "f1": 0.9823788546255506
    }
  },
  "timestamp": "2025-10-16T12:41:07.213594"
}