{
  "model": "ResNet50_CBAM_Optimized",
  "dataset": "Food-101",
  "epochs": 100,
  "test_metrics": {
    "accuracy": 0.8127920792079207,
    "precision": 0.8151992341970801,
    "recall": 0.8127920792079207,
    "f1": 0.8120178091649386
  },
  "class_metrics": {
    "apple_pie": {
      "accuracy": 0.576,
      "precision": 1.0,
      "recall": 0.576,
      "f1": 0.7309644670050761
    },
    "baby_back_ribs": {
      "accuracy": 0.772,
      "precision": 1.0,
      "recall": 0.772,
      "f1": 0.871331828442438
    },
    "baklava": {
      "accuracy": 0.908,
      "precision": 1.0,
      "recall": 0.908,
      "f1": 0.9517819706498952
    },
    "beef_carpaccio": {
      "accuracy": 0.872,
      "precision": 1.0,
      "recall": 0.872,
      "f1": 0.9316239316239316
    },
    "beef_tartare": {
      "accuracy": 0.832,
      "precision": 1.0,
      "recall": 0.832,
      "f1": 0.9082969432314411
    },
    "beet_salad": {
      "accuracy": 0.668,
      "precision": 1.0,
      "recall": 0.668,
      "f1": 0.8009592326139089
    },
    "beignets": {
      "accuracy": 0.9,
      "precision": 1.0,
      "recall": 0.9,
      "f1": 0.9473684210526315
    },
    "bibimbap": {
      "accuracy": 0.852,
      "precision": 1.0,
      "recall": 0.852,
      "f1": 0.9200863930885529
    },
    "bread_pudding": {
      "accuracy": 0.648,
      "precision": 1.0,
      "recall": 0.648,
      "f1": 0.7864077669902912
    },
    "breakfast_burrito": {
      "accuracy": 0.708,
      "precision": 1.0,
      "recall": 0.708,
      "f1": 0.8290398126463701
    },
    "bruschetta": {
      "accuracy": 0.7,
      "precision": 1.0,
      "recall": 0.7,
      "f1": 0.8235294117647058
    },
    "caesar_salad": {
      "accuracy": 0.876,
      "precision": 1.0,
      "recall": 0.876,
      "f1": 0.9339019189765458
    },
    "cannoli": {
      "accuracy": 0.912,
      "precision": 1.0,
      "recall": 0.912,
      "f1": 0.9539748953974896
    },
    "caprese_salad": {
      "accuracy": 0.808,
      "precision": 1.0,
      "recall": 0.808,
      "f1": 0.8938053097345132
    },
    "carrot_cake": {
      "accuracy": 0.804,
      "precision": 1.0,
      "recall": 0.804,
      "f1": 0.8913525498891353
    },
    "ceviche": {
      "accuracy": 0.76,
      "precision": 1.0,
      "recall": 0.76,
      "f1": 0.8636363636363636
    },
    "cheesecake": {
      "accuracy": 0.756,
      "precision": 1.0,
      "recall": 0.756,
      "f1": 0.8610478359908884
    },
    "cheese_plate": {
      "accuracy": 0.828,
      "precision": 1.0,
      "recall": 0.828,
      "f1": 0.9059080962800875
    },
    "chicken_curry": {
      "accuracy": 0.752,
      "precision": 1.0,
      "recall": 0.752,
      "f1": 0.8584474885844748
    },
    "chicken_quesadilla": {
      "accuracy": 0.768,
      "precision": 1.0,
      "recall": 0.768,
      "f1": 0.8687782805429864
    }
  },
  "timestamp": "2025-10-16T23:47:06.467828"
}