{
  "model": "EfficientNetB0_CBAM",
  "epochs": 100,
  "test_metrics": {
    "accuracy": 0.9456229459217209,
    "precision": 0.9458478404394486,
    "recall": 0.9456229459217209,
    "f1": 0.9455901487943783
  },
  "class_metrics": {
    "Bread": {
      "accuracy": 0.9184782608695652,
      "precision": 1.0,
      "recall": 0.9184782608695652,
      "f1": 0.9575070821529745
    },
    "Dairy product": {
      "accuracy": 0.8648648648648649,
      "precision": 1.0,
      "recall": 0.8648648648648649,
      "f1": 0.9275362318840581
    },
    "Dessert": {
      "accuracy": 0.926,
      "precision": 1.0,
      "recall": 0.926,
      "f1": 0.9615784008307373
    },
    "Egg": {
      "accuracy": 0.9253731343283582,
      "precision": 1.0,
      "recall": 0.9253731343283582,
      "f1": 0.9612403100775194
    },
    "Fried food": {
      "accuracy": 0.9407665505226481,
      "precision": 1.0,
      "recall": 0.9407665505226481,
      "f1": 0.9694793536804309
    },
    "Meat": {
      "accuracy": 0.9537037037037037,
      "precision": 1.0,
      "recall": 0.9537037037037037,
      "f1": 0.976303317535545
    },
    "Noodles-Pasta": {
      "accuracy": 0.9863945578231292,
      "precision": 1.0,
      "recall": 0.9863945578231292,
      "f1": 0.9931506849315067
    },
    "Rice": {
      "accuracy": 1.0,
      "precision": 1.0,
      "recall": 1.0,
      "f1": 1.0
    },
    "Seafood": {
      "accuracy": 0.9471947194719472,
      "precision": 1.0,
      "recall": 0.9471947194719472,
      "f1": 0.9728813559322034
    },
    "Soup": {
      "accuracy": 0.976,
      "precision": 1.0,
      "recall": 0.976,
      "f1": 0.9878542510121457
    },
    "Vegetable-Fruit": {
      "accuracy": 0.987012987012987,
      "precision": 1.0,
      "recall": 0.987012987012987,
      "f1": 0.9934640522875817
    }
  },
  "timestamp": "2025-10-16T15:41:12.514645"
}